Occupation code,Occupation title,Level,Employment,Employment RSE,Employment per 1000 jobs,Location quotient,Median hourly wage,Mean hourly wage,Annual mean wage,Mean wage RSE
00-0000,All Occupations,total,1133350,1.10%,1000,1,$19.89,$25.94,"$53,960",2.10%
11-0000,Management Occupations,major,77460,2.60%,68.345,1.35,$46.83,$53.83,"$111,970",2.40%
11-1011,Chief Executives,detail,1890,8.20%,1.667,1.05,$88.41,$95.55,"$198,750",5.60%
11-1021,General and Operations Managers,detail,21130,2.90%,18.643,1.2,$43.29,$54.45,"$113,260",2.00%
11-1031,Legislators,detail,70,7.00%,0.06,0.16,-4,-4,"$69,900",19.10%
11-2011,Advertising and Promotions Managers,detail,-8,-8,-8,-8,$35.91,$41.86,"$87,070",5.80%
11-2021,Marketing Managers,detail,4130,7.40%,3.646,2.49,$55.46,$59.81,"$124,400",4.00%
11-2022,Sales Managers,detail,4950,5.30%,4.367,1.68,$53.89,$58.99,"$122,710",4.30%
11-2031,Public Relations and Fundraising Managers,detail,1110,7.80%,0.98,2.15,$40.50,$45.98,"$95,640",3.80%
11-3011,Administrative Services Managers,detail,2260,5.20%,1.991,1.05,$39.22,$42.56,"$88,520",1.60%
11-3021,Computer and Information Systems Managers,detail,4160,5.90%,3.669,1.46,$59.19,$63.66,"$132,420",4.20%
11-3031,Financial Managers,detail,5430,5.00%,4.794,1.24,$53.47,$59.25,"$123,250",2.80%
11-3051,Industrial Production Managers,detail,1820,5.20%,1.61,1.34,$40.78,$45.43,"$94,480",2.60%
11-3061,Purchasing Managers,detail,-8,-8,-8,-8,$46.36,$50.66,"$105,370",3.10%
11-3071,"Transportation, Storage, and Distribution Managers",detail,1270,15.90%,1.125,1.39,$41.85,$45.29,"$94,210",2.40%
11-3111,Compensation and Benefits Managers,detail,130,12.30%,0.115,1.06,$48.27,$49.44,"$102,840",2.70%
11-3121,Human Resources Managers,detail,1810,11.30%,1.6,1.73,$46.66,$52.44,"$109,070",3.10%
11-3131,Training and Development Managers,detail,310,16.20%,0.275,1.17,$51.09,$54.81,"$114,000",3.50%
11-9013,"Farmers, Ranchers, and Other Agricultural Managers",detail,70,43.10%,0.059,1.81,$9.65,$15.83,"$32,930",18.60%
11-9021,Construction Managers,detail,3190,7.00%,2.817,1.58,$45.46,$47.92,"$99,670",2.30%
11-9031,"Education Administrators, Preschool and Childcare Center/Program",detail,470,11.70%,0.415,1.2,$19.84,$20.87,"$43,410",4.80%
11-9032,"Education Administrators, Elementary and Secondary School",detail,1960,5.40%,1.728,1,-4,-4,"$98,920",2.70%
11-9033,"Education Administrators, Postsecondary",detail,860,6.20%,0.754,0.77,$42.86,$48.20,"$100,250",4.70%
11-9039,"Education Administrators, All Other",detail,280,12.00%,0.246,1.01,$27.86,$30.13,"$62,660",3.80%
11-9041,Architectural and Engineering Managers,detail,3500,20.20%,3.088,2.43,$68.85,$78.72,"$163,730",11.60%
11-9051,Food Service Managers,detail,2330,10.80%,2.052,1.43,$24.12,$26.24,"$54,580",5.40%
11-9081,Lodging Managers,detail,170,31.50%,0.151,0.6,$24.84,$26.73,"$55,600",8.00%
11-9111,Medical and Health Services Managers,detail,2620,4.50%,2.316,0.98,$49.58,$58.04,"$120,720",4.30%
11-9121,Natural Sciences Managers,detail,690,8.30%,0.612,1.57,$54.27,$60.85,"$126,560",7.00%
11-9131,Postmasters and Mail Superintendents,detail,60,0.00%,0.056,0.53,$34.97,$37.20,"$77,380",1.40%
11-9141,"Property, Real Estate, and Community Association Managers",detail,1610,12.50%,1.419,1.11,$31.37,$35.31,"$73,440",4.20%
11-9151,Social and Community Service Managers,detail,1690,8.90%,1.493,1.66,$31.00,$32.82,"$68,260",3.30%
11-9161,Emergency Management Directors,detail,40,6.40%,0.034,0.49,$42.97,$42.78,"$88,980",3.00%
11-9199,"Managers, All Other",detail,5550,3.40%,4.897,1.7,$44.06,$46.15,"$95,990",1.30%
13-0000,Business and Financial Operations Occupations,major,63530,2.70%,56.056,1.08,$31.25,$34.63,"$72,040",1.80%
13-1011,"Agents and Business Managers of Artists, Performers, and Athletes",detail,60,28.60%,0.055,0.58,$26.62,$25.34,"$52,710",17.60%
13-1021,"Buyers and Purchasing Agents, Farm Products",detail,70,22.30%,0.064,0.78,$27.73,$27.86,"$57,950",3.00%
13-1022,"Wholesale and Retail Buyers, Except Farm Products",detail,1830,16.80%,1.612,2.07,$23.89,$26.00,"$54,080",3.60%
13-1023,"Purchasing Agents, Except Wholesale, Retail, and Farm Products",detail,2510,6.10%,2.219,1.05,$29.46,$30.61,"$63,680",1.10%
13-1031,"Claims Adjusters, Examiners, and Investigators",detail,2330,16.50%,2.056,1.05,$34.07,$34.77,"$72,330",4.50%
13-1032,"Insurance Appraisers, Auto Damage",detail,70,20.30%,0.062,0.57,$35.50,$35.64,"$74,120",1.80%
13-1041,Compliance Officers,detail,1600,8.00%,1.412,0.72,$32.64,$34.05,"$70,830",1.90%
13-1051,Cost Estimators,detail,1930,7.40%,1.704,1.11,$31.64,$32.45,"$67,490",2.40%
13-1071,Human Resources Specialists,detail,4650,5.10%,4.104,1.1,$27.84,$30.09,"$62,580",1.60%
13-1075,Labor Relations Specialists,detail,1000,8.80%,0.878,1.55,$36.63,$36.89,"$76,740",11.50%
13-1081,Logisticians,detail,-8,-8,-8,-8,$33.38,$35.27,"$73,370",4.90%
13-1111,Management Analysts,detail,4190,8.30%,3.701,0.81,$39.11,$42.54,"$88,470",2.40%
13-1121,"Meeting, Convention, and Event Planners",detail,1070,14.70%,0.944,1.38,$22.63,$24.00,"$49,920",4.10%
13-1131,Fundraisers,detail,680,13.80%,0.599,1.22,$22.91,$24.52,"$50,990",3.50%
13-1141,"Compensation, Benefits, and Job Analysis Specialists",detail,720,19.70%,0.633,1.12,$29.78,$32.21,"$66,990",3.20%
13-1151,Training and Development Specialists,detail,2050,5.70%,1.812,0.94,$29.27,$30.54,"$63,530",2.10%
13-1161,Market Research Analysts and Marketing Specialists,detail,4890,7.50%,4.312,1.08,$29.99,$33.55,"$69,790",3.70%
13-1199,"Business Operations Specialists, All Other",detail,11370,4.60%,10.036,1.47,$31.20,$35.13,"$73,060",4.60%
13-2011,Accountants and Auditors,detail,9510,6.30%,8.394,0.95,$30.39,$33.08,"$68,800",1.50%
13-2021,Appraisers and Assessors of Real Estate,detail,410,38.50%,0.363,0.84,$29.56,$29.34,"$61,020",12.80%
13-2031,Budget Analysts,detail,350,7.40%,0.308,0.79,$34.41,$35.24,"$73,310",1.20%
13-2041,Credit Analysts,detail,510,9.80%,0.449,0.86,$35.18,$37.17,"$77,320",2.80%
13-2051,Financial Analysts,detail,2340,14.70%,2.065,1.03,$37.95,$41.98,"$87,320",4.40%
13-2052,Personal Financial Advisors,detail,1580,13.00%,1.398,0.97,$43.12,$57.05,"$118,670",10.80%
13-2053,Insurance Underwriters,detail,650,15.70%,0.574,0.88,$31.64,$33.70,"$70,090",1.60%
13-2061,Financial Examiners,detail,410,5.90%,0.359,1.01,$32.84,$35.48,"$73,800",4.70%
13-2071,Credit Counselors,detail,300,21.30%,0.262,1.08,$23.41,$26.10,"$54,290",5.50%
13-2072,Loan Officers,detail,2800,7.10%,2.469,1.13,$36.85,$40.48,"$84,190",4.10%
13-2081,"Tax Examiners and Collectors, and Revenue Agents",detail,200,0.00%,0.18,0.43,$30.03,$33.07,"$68,790",1.50%
13-2082,Tax Preparers,detail,910,29.60%,0.806,1.62,$24.97,$26.32,"$54,750",12.00%
13-2099,"Financial Specialists, All Other",detail,1110,10.40%,0.978,1.11,$34.38,$36.25,"$75,400",2.80%
15-0000,Computer and Mathematical Occupations,major,43130,6.10%,38.059,1.28,$39.66,$41.26,"$85,810",2.70%
15-1111,Computer and Information Research Scientists,detail,250,30.10%,0.219,1.16,$70.20,$75.56,"$157,160",5.40%
15-1121,Computer Systems Analysts,detail,4490,4.70%,3.958,0.98,$41.98,$42.88,"$89,190",1.80%
15-1122,Information Security Analysts,detail,610,24.60%,0.534,0.77,$44.78,$45.29,"$94,210",6.90%
15-1131,Computer Programmers,detail,2840,12.80%,2.507,1.3,$39.40,$39.08,"$81,290",3.40%
15-1132,"Software Developers, Applications",detail,11520,15.10%,10.168,1.8,$48.32,$49.53,"$103,020",3.60%
15-1133,"Software Developers, Systems Software",detail,3480,15.80%,3.067,1.05,$48.02,$48.61,"$101,110",2.20%
15-1134,Web Developers,detail,2570,11.70%,2.266,2.46,$29.86,$31.66,"$65,850",3.60%
15-1141,Database Administrators,detail,830,5.90%,0.728,0.9,$40.68,$41.24,"$85,780",2.20%
15-1142,Network and Computer Systems Administrators,detail,2470,5.50%,2.178,0.81,$37.30,$39.10,"$81,320",1.80%
15-1143,Computer Network Architects,detail,990,15.30%,0.874,0.78,$55.47,$59.76,"$124,290",6.10%
15-1151,Computer User Support Specialists,detail,6060,7.00%,5.348,1.25,$23.98,$25.50,"$53,030",1.60%
15-1152,Computer Network Support Specialists,detail,1370,7.60%,1.205,0.9,$28.36,$29.48,"$61,310",2.80%
15-1199,"Computer Occupations, All Other",detail,4250,8.10%,3.751,2.02,$39.25,$40.25,"$83,710",2.70%
15-2011,Actuaries,detail,-8,-8,-8,-8,$41.10,$47.23,"$98,230",6.10%
15-2031,Operations Research Analysts,detail,970,22.30%,0.854,1.1,$35.20,$36.69,"$76,310",2.20%
15-2041,Statisticians,detail,300,9.30%,0.261,1.09,$34.48,$37.32,"$77,620",3.50%
15-2099,"Mathematical Science Occupations, All Other",detail,50,33.60%,0.046,3.19,$34.28,$34.44,"$71,640",2.40%
17-0000,Architecture and Engineering Occupations,major,35940,19.00%,31.713,1.78,$38.61,$43.06,"$89,570",5.50%
17-1011,"Architects, Except Landscape and Naval",detail,1360,10.30%,1.203,1.69,$33.88,$36.35,"$75,610",4.50%
17-1012,Landscape Architects,detail,410,36.10%,0.359,2.6,$25.38,$27.91,"$58,060",6.80%
17-1021,Cartographers and Photogrammetrists,detail,330,14.00%,0.295,3.42,$28.64,$29.86,"$62,100",4.30%
17-1022,Surveyors,detail,380,10.30%,0.336,1.09,$34.59,$34.27,"$71,290",3.30%
17-2011,Aerospace Engineers,detail,40,34.10%,0.034,0.07,$45.58,$46.08,"$95,850",3.40%
17-2031,Biomedical Engineers,detail,300,25.90%,0.263,1.79,$38.31,$43.80,"$91,100",4.10%
17-2041,Chemical Engineers,detail,120,14.70%,0.105,0.46,$44.06,$45.70,"$95,060",2.30%
17-2051,Civil Engineers,detail,3210,9.60%,2.829,1.38,$38.48,$40.57,"$84,400",2.20%
17-2071,Electrical Engineers,detail,2390,10.80%,2.111,1.61,$42.36,$44.74,"$93,070",3.50%
17-2072,"Electronics Engineers, Except Computer",detail,1610,10.30%,1.422,1.51,$43.36,$46.27,"$96,240",3.00%
17-2081,Environmental Engineers,detail,550,20.80%,0.485,1.3,$41.40,$42.86,"$89,160",4.10%
17-2111,"Health and Safety Engineers, Except Mining Safety Engineers and Inspectors",detail,110,13.20%,0.101,0.56,$39.86,$42.74,"$88,890",5.80%
17-2112,Industrial Engineers,detail,3530,23.60%,3.115,1.7,$48.28,$49.59,"$103,140",4.00%
17-2121,Marine Engineers and Naval Architects,detail,30,15.00%,0.03,0.51,$44.27,$46.35,"$96,420",6.60%
17-2141,Mechanical Engineers,detail,3650,11.20%,3.218,1.58,$40.83,$41.72,"$86,770",2.30%
17-2199,"Engineers, All Other",detail,2110,8.50%,1.86,2.12,$45.66,$48.33,"$100,540",4.40%
17-3011,Architectural and Civil Drafters,detail,800,14.90%,0.709,1.03,$24.60,$25.33,"$52,680",2.50%
17-3012,Electrical and Electronics Drafters,detail,390,14.40%,0.341,1.79,$26.05,$27.18,"$56,540",2.40%
17-3013,Mechanical Drafters,detail,660,11.80%,0.585,1.29,$29.28,$31.32,"$65,150",6.80%
17-3019,"Drafters, All Other",detail,680,20.00%,0.602,5.44,$25.20,$25.72,"$53,510",4.10%
17-3022,Civil Engineering Technicians,detail,480,6.00%,0.419,0.82,$29.84,$29.70,"$61,770",1.50%
17-3024,Electro-Mechanical Technicians,detail,600,22.50%,0.527,5.39,$31.31,$31.02,"$64,520",4.40%
17-3025,Environmental Engineering Technicians,detail,170,10.40%,0.146,1.24,$29.99,$29.33,"$61,000",3.60%
17-3026,Industrial Engineering Technicians,detail,580,9.30%,0.508,1.13,$27.00,$29.01,"$60,330",2.70%
17-3027,Mechanical Engineering Technicians,detail,420,17.80%,0.373,1.15,$25.55,$26.18,"$54,460",2.20%
17-3029,"Engineering Technicians, Except Drafters, All Other",detail,840,8.20%,0.738,1.4,$25.93,$26.89,"$55,930",2.70%
17-3031,Surveying and Mapping Technicians,detail,480,13.80%,0.424,1.1,$25.48,$25.90,"$53,870",2.80%
19-0000,"Life, Physical, and Social Science Occupations",major,10950,3.20%,9.663,1.18,$29.31,$32.51,"$67,620",3.10%
19-1012,Food Scientists and Technologists,detail,140,25.50%,0.123,1.21,$32.93,$37.38,"$77,750",6.60%
19-1013,Soil and Plant Scientists,detail,-8,-8,-8,-8,$30.94,$30.30,"$63,020",16.70%
19-1021,Biochemists and Biophysicists,detail,120,6.30%,0.102,0.49,$30.10,$39.76,"$82,710",2.40%
19-1022,Microbiologists,detail,60,23.70%,0.055,0.36,$31.25,$34.62,"$72,010",5.70%
19-1023,Zoologists and Wildlife Biologists,detail,310,10.10%,0.276,2.19,$35.48,$37.22,"$77,410",2.70%
19-1029,"Biological Scientists, All Other",detail,350,5.30%,0.305,1.22,$34.08,$35.37,"$73,570",5.30%
19-1031,Conservation Scientists,detail,480,13.20%,0.42,2.88,$36.08,$37.67,"$78,360",3.90%
19-1032,Foresters,detail,40,5.30%,0.033,0.55,$29.77,$31.50,"$65,530",1.60%
19-1042,"Medical Scientists, Except Epidemiologists",detail,1810,1.70%,1.596,2.06,$30.93,$36.77,"$76,490",3.00%
19-1099,"Life Scientists, All Other",detail,50,8.10%,0.043,0.77,$29.85,$30.27,"$62,950",2.80%
19-2012,Physicists,detail,70,13.80%,0.061,0.51,$46.23,$58.97,"$122,660",4.80%
19-2021,Atmospheric and Space Scientists,detail,50,21.70%,0.045,0.64,$48.57,$49.50,"$102,970",2.50%
19-2031,Chemists,detail,370,20.60%,0.329,0.53,$29.05,$31.23,"$64,950",3.50%
19-2041,"Environmental Scientists and Specialists, Including Health",detail,680,14.40%,0.602,1,$36.86,$36.98,"$76,910",2.80%
19-2042,"Geoscientists, Except Hydrologists and Geographers",detail,280,31.30%,0.243,1.12,$32.70,$35.10,"$73,000",4.70%
19-2043,Hydrologists,detail,120,10.30%,0.109,2.43,$43.24,$44.45,"$92,470",3.00%
19-2099,"Physical Scientists, All Other",detail,220,19.50%,0.192,1.42,$43.54,$42.67,"$88,750",2.40%
19-3011,Economists,detail,110,25.80%,0.093,0.68,$42.05,$42.16,"$87,690",1.80%
19-3022,Survey Researchers,detail,60,33.80%,0.055,0.65,$30.48,$32.73,"$68,070",14.00%
19-3031,"Clinical, Counseling, and School Psychologists",detail,640,13.20%,0.568,0.74,$34.31,$42.43,"$88,260",12.50%
19-3039,"Psychologists, All Other",detail,100,0.00%,0.092,0.97,$45.71,$42.22,"$87,810",1.60%
19-3051,Urban and Regional Planners,detail,550,8.90%,0.489,1.97,$39.26,$40.63,"$84,500",1.90%
19-3091,Anthropologists and Archeologists,detail,180,22.20%,0.161,3.49,$35.78,$35.48,"$73,800",6.90%
19-3092,Geographers,detail,30,5.20%,0.028,2.9,$40.84,$40.96,"$85,200",2.50%
19-3093,Historians,detail,30,36.50%,0.028,1.31,$26.01,$27.45,"$57,090",14.80%
19-3099,"Social Scientists and Related Workers, All Other",detail,190,9.70%,0.171,0.66,$36.08,$36.30,"$75,510",2.30%
19-4011,Agricultural and Food Science Technicians,detail,300,28.70%,0.269,1.85,$18.55,$20.94,"$43,550",6.40%
19-4021,Biological Technicians,detail,1670,2.40%,1.471,2.76,$19.02,$19.98,"$41,550",1.90%
19-4031,Chemical Technicians,detail,190,24.80%,0.165,0.35,$19.22,$25.89,"$53,850",7.10%
19-4061,Social Science Research Assistants,detail,140,7.00%,0.121,0.57,$22.06,$23.36,"$48,590",3.00%
19-4091,"Environmental Science and Protection Technicians, Including Health",detail,170,14.20%,0.151,0.64,$25.71,$25.61,"$53,260",4.10%
19-4092,Forensic Science Technicians,detail,150,3.20%,0.129,1.22,$32.93,$32.04,"$66,650",1.80%
19-4093,Forest and Conservation Technicians,detail,220,11.40%,0.196,0.91,$19.34,$21.35,"$44,400",2.80%
19-4099,"Life, Physical, and Social Science Technicians, All Other",detail,750,18.90%,0.659,1.35,$20.36,$22.37,"$46,540",3.20%
21-0000,Community and Social Service Occupations,major,20220,3.00%,17.837,1.24,$21.10,$23.01,"$47,850",2.20%
21-1011,Substance Abuse and Behavioral Disorder Counselors,detail,930,15.90%,0.822,1.27,$19.87,$24.25,"$50,440",5.90%
21-1012,"Educational, Guidance, School, and Vocational Counselors",detail,1430,6.70%,1.262,0.68,$27.38,$28.36,"$58,980",4.00%
21-1013,Marriage and Family Therapists,detail,250,17.50%,0.22,0.84,$23.30,$23.33,"$48,520",3.20%
21-1014,Mental Health Counselors,detail,2100,14.00%,1.849,1.86,$24.50,$27.34,"$56,860",4.20%
21-1015,Rehabilitation Counselors,detail,1050,15.20%,0.929,1.27,$17.10,$19.81,"$41,200",6.90%
21-1019,"Counselors, All Other",detail,290,27.30%,0.257,1.27,$25.96,$26.84,"$55,830",11.90%
21-1021,"Child, Family, and School Social Workers",detail,1820,5.90%,1.606,0.75,$23.19,$23.24,"$48,330",4.30%
21-1022,Healthcare Social Workers,detail,980,7.50%,0.868,0.76,$32.78,$32.96,"$68,560",2.90%
21-1023,Mental Health and Substance Abuse Social Workers,detail,970,15.30%,0.855,1.05,$20.49,$20.76,"$43,180",3.70%
21-1029,"Social Workers, All Other",detail,970,14.40%,0.86,2.03,$24.63,$24.61,"$51,190",4.10%
21-1091,Health Educators,detail,430,10.30%,0.378,0.92,$32.76,$32.15,"$66,880",4.00%
21-1092,Probation Officers and Correctional Treatment Specialists,detail,640,4.60%,0.567,0.91,$30.99,$30.70,"$63,860",1.50%
21-1093,Social and Human Service Assistants,detail,3570,7.10%,3.152,1.23,$16.63,$17.01,"$35,380",2.40%
21-1094,Community Health Workers,detail,330,17.90%,0.294,0.79,$20.58,$21.41,"$44,540",5.00%
21-1099,"Community and Social Service Specialists, All Other",detail,970,9.90%,0.859,1.31,$17.01,$18.06,"$37,570",3.30%
21-2011,Clergy,detail,2090,8.30%,1.84,5.24,$24.49,$24.28,"$50,510",3.90%
21-2021,"Directors, Religious Activities and Education",detail,890,21.00%,0.785,5.35,-8,-8,-8,-8
21-2099,"Religious Workers, All Other",detail,490,32.20%,0.434,7.39,$13.05,$13.40,"$27,880",6.50%
23-0000,Legal Occupations,major,8060,4.50%,7.114,0.93,$37.67,$45.63,"$94,900",3.40%
23-1011,Lawyers,detail,4340,6.70%,3.832,0.87,$52.46,$59.03,"$122,790",4.00%
23-1021,"Administrative Law Judges, Adjudicators, and Hearing Officers",detail,160,0.00%,0.143,1.38,$40.51,$42.02,"$87,410",1.50%
23-1022,"Arbitrators, Mediators, and Conciliators",detail,30,10.80%,0.028,0.62,$33.83,$32.86,"$68,350",3.20%
23-1023,"Judges, Magistrate Judges, and Magistrates",detail,170,3.90%,0.148,0.76,$60.52,$64.51,"$134,180",3.30%
23-2011,Paralegals and Legal Assistants,detail,2520,7.30%,2.223,1.13,$25.53,$26.53,"$55,170",3.60%
23-2093,"Title Examiners, Abstractors, and Searchers",detail,510,28.40%,0.447,1.15,$29.02,$30.99,"$64,450",9.70%
23-2099,"Legal Support Workers, All Other",detail,290,9.80%,0.256,0.8,$28.02,$31.80,"$66,150",6.20%
25-0000,"Education, Training, and Library Occupations",major,64270,2.30%,56.707,0.92,$23.34,$28.93,"$60,170",7.20%
25-1011,"Business Teachers, Postsecondary",detail,250,17.20%,0.217,0.37,-4,-4,"$75,040",3.00%
25-1021,"Computer Science Teachers, Postsecondary",detail,100,17.10%,0.088,0.38,-4,-4,"$84,380",7.90%
25-1022,"Mathematical Science Teachers, Postsecondary",detail,280,8.30%,0.25,0.67,-4,-4,"$72,470",4.00%
25-1032,"Engineering Teachers, Postsecondary",detail,-8,-8,-8,-8,-4,-4,"$81,370",5.40%
25-1042,"Biological Science Teachers, Postsecondary",detail,240,6.50%,0.215,0.59,-4,-4,"$86,100",8.40%
25-1052,"Chemistry Teachers, Postsecondary",detail,130,7.60%,0.115,0.76,-4,-4,"$74,280",3.60%
25-1054,"Physics Teachers, Postsecondary",detail,80,8.40%,0.074,0.74,-4,-4,"$74,210",4.20%
25-1063,"Economics Teachers, Postsecondary",detail,40,9.20%,0.036,0.39,-4,-4,"$92,910",2.70%
25-1065,"Political Science Teachers, Postsecondary",detail,80,9.60%,0.069,0.58,-4,-4,"$88,490",9.10%
25-1066,"Psychology Teachers, Postsecondary",detail,290,7.60%,0.252,0.94,-4,-4,"$94,630",10.00%
25-1067,"Sociology Teachers, Postsecondary",detail,80,9.50%,0.073,0.71,-4,-4,"$68,380",3.20%
25-1069,"Social Sciences Teachers, Postsecondary, All Other",detail,40,19.40%,0.034,0.36,-4,-4,"$106,720",3.70%
25-1071,"Health Specialties Teachers, Postsecondary",detail,3260,2.00%,2.88,2.17,-4,-4,"$157,050",8.40%
25-1072,"Nursing Instructors and Teachers, Postsecondary",detail,570,4.60%,0.502,1.26,-4,-4,"$85,900",5.90%
25-1081,"Education Teachers, Postsecondary",detail,330,21.00%,0.291,0.69,-4,-4,"$68,670",2.80%
25-1111,"Criminal Justice and Law Enforcement Teachers, Postsecondary",detail,40,40.50%,0.035,0.34,-4,-4,"$56,670",10.20%
25-1113,"Social Work Teachers, Postsecondary",detail,-8,-8,-8,-8,-4,-4,"$90,500",9.20%
25-1121,"Art, Drama, and Music Teachers, Postsecondary",detail,600,6.30%,0.53,0.75,-4,-4,"$71,080",4.30%
25-1122,"Communications Teachers, Postsecondary",detail,90,8.80%,0.079,0.4,-4,-4,"$60,420",3.20%
25-1123,"English Language and Literature Teachers, Postsecondary",detail,420,10.60%,0.37,0.73,-4,-4,"$71,310",7.20%
25-1124,"Foreign Language and Literature Teachers, Postsecondary",detail,310,36.30%,0.274,1.34,-4,-4,"$50,920",9.70%
25-1125,"History Teachers, Postsecondary",detail,110,11.70%,0.094,0.61,-4,-4,"$73,000",2.70%
25-1126,"Philosophy and Religion Teachers, Postsecondary",detail,180,17.90%,0.159,0.96,-4,-4,"$74,950",2.90%
25-1191,Graduate Teaching Assistants,detail,320,2.50%,0.279,0.29,-4,-4,"$42,230",2.30%
25-1193,"Recreation and Fitness Studies Teachers, Postsecondary",detail,100,5.80%,0.09,0.72,-4,-4,"$56,550",3.70%
25-1194,"Vocational Education Teachers, Postsecondary",detail,900,12.80%,0.797,0.96,$25.03,$29.97,"$62,330",6.60%
25-2011,"Preschool Teachers, Except Special Education",detail,4610,11.90%,4.067,1.48,$13.45,$14.90,"$30,990",4.80%
25-2012,"Kindergarten Teachers, Except Special Education",detail,1160,10.80%,1.022,0.95,-4,-4,"$63,800",6.20%
25-2021,"Elementary School Teachers, Except Special Education",detail,7610,10.50%,6.715,0.68,-4,-4,"$65,250",3.90%
25-2022,"Middle School Teachers, Except Special and Career/Technical Education",detail,2620,12.40%,2.311,0.52,-4,-4,"$71,830",5.70%
25-2031,"Secondary School Teachers, Except Special and Career/Technical Education",detail,5720,17.50%,5.044,0.71,-4,-4,"$68,030",6.00%
25-2032,"Career/Technical Education Teachers, Secondary School",detail,310,8.10%,0.276,0.48,-4,-4,"$62,050",2.80%
25-2051,"Special Education Teachers, Preschool",detail,220,37.80%,0.193,0.97,-4,-4,"$75,290",2.50%
25-2052,"Special Education Teachers, Kindergarten and Elementary School",detail,740,20.70%,0.656,0.48,-4,-4,"$72,740",5.20%
25-2053,"Special Education Teachers, Middle School",detail,330,21.20%,0.289,0.45,-4,-4,"$79,670",7.00%
25-2054,"Special Education Teachers, Secondary School",detail,680,17.30%,0.598,0.63,-4,-4,"$76,420",5.10%
25-2059,"Special Education Teachers, All Other",detail,700,21.00%,0.621,2.17,-4,-4,"$84,550",1.90%
25-3011,Adult Basic and Secondary Education and Literacy Teachers and Instructors,detail,340,8.30%,0.302,0.72,$24.55,$27.40,"$57,000",5.10%
25-3021,Self-Enrichment Education Teachers,detail,2630,11.90%,2.318,1.42,$21.29,$21.84,"$45,420",4.10%
25-3097,"Teachers and Instructors, All Other, Except Substitute Teachers",detail,2230,11.50%,1.963,0.94,-4,-4,"$50,730",8.10%
25-3098,Substitute Teachers,detail,8150,2.20%,7.191,1.66,$21.47,$20.89,"$43,450",2.70%
25-4012,Curators,detail,60,27.80%,0.051,0.64,$30.53,$32.02,"$66,600",6.40%
25-4013,Museum Technicians and Conservators,detail,-8,-8,-8,-8,$18.58,$18.47,"$38,410",3.10%
25-4021,Librarians,detail,780,5.30%,0.685,0.74,$30.34,$31.73,"$66,000",3.70%
25-4031,Library Technicians,detail,910,6.80%,0.799,1.2,$18.09,$18.75,"$39,000",2.70%
25-9011,Audio-Visual and Multimedia Collections Specialists,detail,50,16.40%,0.047,0.64,$21.80,$22.40,"$46,590",5.10%
25-9021,Farm and Home Management Advisors,detail,150,30.70%,0.135,2.2,$24.68,$26.10,"$54,280",5.90%
25-9031,Instructional Coordinators,detail,590,10.00%,0.525,0.5,$32.79,$34.32,"$71,390",5.10%
25-9041,Teacher Assistants,detail,9230,5.40%,8.146,0.9,-4,-4,"$31,120",1.50%
25-9099,"Education, Training, and Library Workers, All Other",detail,2720,10.20%,2.403,3.35,$17.05,$19.42,"$40,400",4.40%
27-0000,"Arts, Design, Entertainment, Sports, and Media Occupations",major,20480,4.90%,18.069,1.33,$22.65,$26.29,"$54,690",2.00%
27-1011,Art Directors,detail,890,13.90%,0.786,3.05,$41.02,$42.83,"$89,100",3.30%
27-1013,"Fine Artists, Including Painters, Sculptors, and Illustrators",detail,270,24.90%,0.236,2.87,$22.84,$27.00,"$56,170",9.90%
27-1014,Multimedia Artists and Animators,detail,960,26.30%,0.843,3.97,$29.23,$35.76,"$74,380",7.80%
27-1019,"Artists and Related Workers, All Other",detail,110,26.10%,0.097,1.95,$22.08,$25.40,"$52,820",5.80%
27-1021,Commercial and Industrial Designers,detail,240,20.20%,0.215,0.95,$32.41,$33.94,"$70,600",7.70%
27-1022,Fashion Designers,detail,210,28.70%,0.184,1.34,$23.50,$29.00,"$60,320",8.60%
27-1023,Floral Designers,detail,570,8.60%,0.507,1.62,$11.02,$12.14,"$25,240",6.30%
27-1024,Graphic Designers,detail,2820,8.60%,2.486,1.66,$25.01,$26.48,"$55,070",2.90%
27-1025,Interior Designers,detail,510,24.70%,0.449,1.19,$22.87,$26.52,"$55,160",6.10%
27-1026,Merchandise Displayers and Window Trimmers,detail,1400,20.20%,1.237,1.51,$15.58,$17.26,"$35,890",6.30%
27-1027,Set and Exhibit Designers,detail,120,32.90%,0.109,1.27,-8,-8,-8,-8
27-1029,"Designers, All Other",detail,150,21.80%,0.129,2.5,$24.41,$28.14,"$58,530",6.60%
27-2011,Actors,detail,40,40.60%,0.037,0.11,-8,-8,-8,-8
27-2012,Producers and Directors,detail,880,10.70%,0.775,0.95,$26.41,$31.55,"$65,630",4.20%
27-2021,Athletes and Sports Competitors,detail,90,28.20%,0.077,1.06,-8,-8,-8,-8
27-2022,Coaches and Scouts,detail,2340,14.10%,2.06,1.25,-4,-4,"$41,710",5.40%
27-2023,"Umpires, Referees, and Other Sports Officials",detail,90,13.30%,0.078,0.59,-4,-4,"$25,460",9.80%
27-2032,Choreographers,detail,-8,-8,-8,-8,$15.22,$22.73,"$47,280",17.50%
27-2041,Music Directors and Composers,detail,260,14.70%,0.226,1.73,$21.86,$22.66,"$47,130",12.60%
27-2042,Musicians and Singers,detail,1010,19.70%,0.894,3.13,$21.29,$24.15,-4,10.70%
27-2099,"Entertainers and Performers, Sports and Related Workers, All Other",detail,40,22.60%,0.039,0.41,$13.15,$13.88,-4,5.80%
27-3011,Radio and Television Announcers,detail,120,10.70%,0.103,0.5,$31.31,$41.79,"$86,920",9.70%
27-3012,Public Address System and Other Announcers,detail,-8,-8,-8,-8,$11.22,$13.60,"$28,290",6.90%
27-3022,Reporters and Correspondents,detail,320,15.20%,0.282,0.99,$25.49,$28.16,"$58,570",6.80%
27-3031,Public Relations Specialists,detail,1930,8.70%,1.706,1.06,$27.49,$29.97,"$62,340",4.80%
27-3041,Editors,detail,530,12.80%,0.465,0.67,$23.16,$23.96,"$49,830",5.00%
27-3042,Technical Writers,detail,560,14.40%,0.494,1.39,$36.05,$36.63,"$76,180",3.50%
27-3043,Writers and Authors,detail,500,12.00%,0.438,1.38,$33.14,$33.77,"$70,240",4.40%
27-3091,Interpreters and Translators,detail,1170,35.50%,1.028,2.81,$19.39,$19.78,"$41,150",4.90%
27-3099,"Media and Communication Workers, All Other",detail,450,17.90%,0.394,2.37,$19.33,$21.06,"$43,810",8.00%
27-4011,Audio and Video Equipment Technicians,detail,430,21.00%,0.375,0.76,$19.04,$20.39,"$42,410",5.30%
27-4012,Broadcast Technicians,detail,130,15.10%,0.116,0.54,$17.32,$20.05,"$41,710",6.20%
27-4014,Sound Engineering Technicians,detail,-8,-8,-8,-8,$20.22,$22.42,"$46,620",15.30%
27-4021,Photographers,detail,420,24.00%,0.368,1.06,$19.76,$22.56,"$46,920",7.90%
27-4031,"Camera Operators, Television, Video, and Motion Picture",detail,90,29.50%,0.075,0.48,$26.37,$32.85,"$68,340",6.80%
27-4032,Film and Video Editors,detail,180,33.60%,0.156,0.73,$22.11,$27.17,"$56,520",10.40%
27-4099,"Media and Communication Equipment Workers, All Other",detail,240,17.60%,0.21,1.58,$28.90,$30.90,"$64,270",4.30%
29-0000,Healthcare Practitioners and Technical Occupations,major,62020,3.50%,54.726,0.92,$38.79,$43.07,"$89,590",2.20%
29-1011,Chiropractors,detail,390,24.70%,0.344,1.46,$26.14,$30.58,"$63,610",11.30%
29-1021,"Dentists, General",detail,720,19.20%,0.639,0.85,$76.60,$81.32,"$169,150",19.90%
29-1031,Dietitians and Nutritionists,detail,410,8.40%,0.365,0.83,$34.34,$34.07,"$70,870",1.70%
29-1041,Optometrists,detail,390,31.20%,0.343,1.32,$48.09,$48.39,"$100,650",7.10%
29-1051,Pharmacists,detail,2600,10.30%,2.29,1.05,$61.28,$59.51,"$123,780",1.40%
29-1061,Anesthesiologists,detail,360,46.60%,0.322,1.5,-5,-5,-5,8.60%
29-1062,Family and General Practitioners,detail,490,19.10%,0.434,0.5,$88.51,$91.65,"$190,630",3.60%
29-1063,"Internists, General",detail,230,26.40%,0.204,0.63,$90.66,$96.54,"$200,810",4.80%
29-1064,Obstetricians and Gynecologists,detail,110,36.50%,0.093,0.66,-5,$117.81,"$245,040",9.40%
29-1065,"Pediatricians, General",detail,310,24.10%,0.277,1.44,$84.14,$87.82,"$182,670",4.50%
29-1066,Psychiatrists,detail,220,48.60%,0.194,1.1,$78.20,$92.75,"$192,910",5.10%
29-1067,Surgeons,detail,150,25.80%,0.131,0.45,-5,$137.72,"$286,460",6.60%
29-1069,"Physicians and Surgeons, All Other",detail,3900,8.90%,3.44,1.43,$82.71,$83.58,"$173,850",14.90%
29-1071,Physician Assistants,detail,590,16.50%,0.52,0.7,$56.93,$55.47,"$115,370",4.50%
29-1122,Occupational Therapists,detail,710,18.00%,0.631,0.75,$41.75,$40.96,"$85,200",1.60%
29-1123,Physical Therapists,detail,1510,9.60%,1.335,0.86,$40.20,$40.90,"$85,060",1.60%
29-1124,Radiation Therapists,detail,160,11.60%,0.142,1.14,$45.80,$46.96,"$97,670",2.20%
29-1125,Recreational Therapists,detail,60,21.50%,0.055,0.43,$31.68,$27.64,"$57,490",10.80%
29-1126,Respiratory Therapists,detail,810,8.20%,0.714,0.79,$33.59,$33.29,"$69,240",1.20%
29-1127,Speech-Language Pathologists,detail,1030,14.10%,0.909,0.94,$40.45,$40.19,"$83,590",3.40%
29-1128,Exercise Physiologists,detail,50,21.20%,0.045,0.92,$27.20,$26.85,"$55,860",6.40%
29-1131,Veterinarians,detail,830,9.30%,0.735,1.53,$37.02,$45.52,"$94,670",18.20%
29-1141,Registered Nurses,detail,22690,5.90%,20.023,0.98,$43.45,$42.67,"$88,750",2.00%
29-1151,Nurse Anesthetists,detail,240,32.90%,0.209,0.74,$78.29,$89.60,"$186,360",7.20%
29-1161,Nurse Midwives,detail,70,24.60%,0.065,1.46,$55.28,$54.23,"$112,810",6.10%
29-1171,Nurse Practitioners,detail,1050,17.60%,0.924,0.86,$55.78,$54.74,"$113,850",2.30%
29-1181,Audiologists,detail,90,23.10%,0.08,0.92,$44.12,$52.12,"$108,410",16.90%
29-1199,"Health Diagnosing and Treating Practitioners, All Other",detail,650,22.10%,0.575,2.23,$40.79,$38.73,"$80,560",9.30%
29-2011,Medical and Clinical Laboratory Technologists,detail,1390,7.30%,1.222,1.03,$34.00,$33.50,"$69,680",1.50%
29-2012,Medical and Clinical Laboratory Technicians,detail,970,9.40%,0.858,0.75,$21.08,$21.69,"$45,110",4.00%
29-2021,Dental Hygienists,detail,2510,8.50%,2.212,1.52,$36.70,$36.72,"$76,390",2.30%
29-2031,Cardiovascular Technologists and Technicians,detail,370,6.30%,0.327,0.85,$34.80,$33.50,"$69,680",1.50%
29-2032,Diagnostic Medical Sonographers,detail,480,7.80%,0.427,0.91,$43.18,$41.32,"$85,950",1.90%
29-2033,Nuclear Medicine Technologists,detail,90,11.20%,0.075,0.54,$43.09,$42.21,"$87,790",1.40%
29-2034,Radiologic Technologists,detail,1140,7.60%,1.005,0.7,$34.53,$34.58,"$71,920",1.30%
29-2035,Magnetic Resonance Imaging Technologists,detail,230,8.60%,0.206,0.81,$42.84,$40.82,"$84,910",1.30%
29-2041,Emergency Medical Technicians and Paramedics,detail,1110,13.00%,0.977,0.56,$22.41,$24.36,"$50,670",4.60%
29-2051,Dietetic Technicians,detail,110,2.60%,0.095,0.41,$21.10,$20.69,"$43,030",2.40%
29-2052,Pharmacy Technicians,detail,2860,9.00%,2.526,0.89,$18.43,$18.67,"$38,830",1.40%
29-2053,Psychiatric Technicians,detail,-8,-8,-8,-8,$13.29,$14.64,"$30,440",11.60%
29-2055,Surgical Technologists,detail,890,15.70%,0.787,1.05,$25.06,$24.67,"$51,310",1.60%
29-2056,Veterinary Technologists and Technicians,detail,1030,23.80%,0.91,1.28,$17.55,$17.78,"$36,980",5.70%
29-2057,Ophthalmic Medical Technicians,detail,-8,-8,-8,-8,$19.99,$20.54,"$42,710",5.20%
29-2061,Licensed Practical and Licensed Vocational Nurses,detail,1610,9.70%,1.42,0.28,$24.22,$24.42,"$50,790",1.10%
29-2071,Medical Records and Health Information Technicians,detail,2470,21.00%,2.176,1.53,$21.83,$22.11,"$45,980",4.60%
29-2081,"Opticians, Dispensing",detail,790,25.20%,0.695,1.3,$17.86,$18.89,"$39,290",4.40%
29-2091,Orthotists and Prosthetists,detail,50,38.60%,0.047,0.87,$33.07,$37.22,"$77,420",9.70%
29-2092,Hearing Aid Specialists,detail,80,42.80%,0.07,1.45,-8,-8,-8,-8
29-2099,"Health Technologists and Technicians, All Other",detail,1100,13.00%,0.972,1.12,$24.53,$25.26,"$52,540",4.00%
29-9011,Occupational Health and Safety Specialists,detail,530,4.40%,0.47,0.86,$33.07,$33.77,"$70,250",1.40%
29-9012,Occupational Health and Safety Technicians,detail,70,19.80%,0.066,0.56,$25.13,$26.30,"$54,710",4.00%
29-9091,Athletic Trainers,detail,80,14.70%,0.074,0.43,-4,-4,"$48,010",3.50%
29-9092,Genetic Counselors,detail,-8,-8,-8,-8,$41.13,$40.01,"$83,220",7.10%
29-9099,"Healthcare Practitioners and Technical Workers, All Other",detail,590,21.80%,0.519,2.02,$24.19,$27.06,"$56,290",7.30%
31-0000,Healthcare Support Occupations,major,28620,3.50%,25.25,0.88,$16.76,$17.42,"$36,230",1.70%
31-1011,Home Health Aides,detail,3420,15.30%,3.015,0.52,$11.06,$11.72,"$24,370",2.40%
31-1013,Psychiatric Aides,detail,350,7.80%,0.309,0.64,$18.82,$19.03,"$39,590",2.00%
31-1014,Nursing Assistants,detail,7710,7.10%,6.798,0.66,$14.70,$15.19,"$31,600",1.60%
31-1015,Orderlies,detail,250,14.70%,0.219,0.58,$15.70,$16.37,"$34,060",2.20%
31-2011,Occupational Therapy Assistants,detail,180,49.60%,0.159,0.59,$28.62,$28.85,"$60,010",2.80%
31-2021,Physical Therapist Assistants,detail,360,28.00%,0.316,0.52,$27.46,$27.25,"$56,680",1.90%
31-2022,Physical Therapist Aides,detail,300,16.40%,0.268,0.75,$13.04,$13.95,"$29,010",4.80%
31-9011,Massage Therapists,detail,1690,14.00%,1.493,2.19,$27.44,$26.31,"$54,730",4.00%
31-9091,Dental Assistants,detail,3560,9.70%,3.141,1.35,$20.76,$20.54,"$42,720",3.90%
31-9092,Medical Assistants,detail,5830,7.20%,5.147,1.16,$17.90,$17.81,"$37,030",1.70%
31-9093,Medical Equipment Preparers,detail,800,11.20%,0.705,1.88,$20.33,$20.90,"$43,480",2.30%
31-9094,Medical Transcriptionists,detail,550,23.10%,0.484,1.26,$19.64,$19.77,"$41,120",3.50%
31-9095,Pharmacy Aides,detail,170,45.80%,0.151,0.58,$13.10,$14.10,"$29,330",5.30%
31-9096,Veterinary Assistants and Laboratory Animal Caretakers,detail,1120,12.60%,0.992,1.74,$14.09,$14.37,"$29,890",4.30%
31-9097,Phlebotomists,detail,1100,8.90%,0.969,1.12,$18.56,$18.52,"$38,520",1.50%
31-9099,"Healthcare Support Workers, All Other",detail,1230,14.80%,1.084,1.62,$18.65,$19.09,"$39,710",3.00%
33-0000,Protective Service Occupations,major,19510,3.30%,17.211,0.71,$21.63,$24.24,"$50,420",4.70%
33-1011,First-Line Supervisors of Correctional Officers,detail,180,4.20%,0.158,0.51,$38.65,$40.45,"$84,140",2.60%
33-1012,First-Line Supervisors of Police and Detectives,detail,720,3.80%,0.637,0.89,$46.76,$47.79,"$99,400",1.30%
33-1021,First-Line Supervisors of Fire Fighting and Prevention Workers,detail,690,4.90%,0.605,1.48,$46.46,$46.37,"$96,450",1.80%
33-1099,"First-Line Supervisors of Protective Service Workers, All Other",detail,640,25.80%,0.561,1.08,$22.78,$22.51,"$46,810",8.70%
33-2011,Firefighters,detail,1590,5.40%,1.406,0.62,$35.79,$35.14,"$73,100",2.40%
33-2021,Fire Inspectors and Investigators,detail,80,6.80%,0.071,0.83,$44.44,$43.33,"$90,120",3.20%
33-3011,Bailiffs,detail,50,4.60%,0.048,0.38,$21.47,$20.97,"$43,610",3.60%
33-3012,Correctional Officers and Jailers,detail,1580,2.00%,1.396,0.45,$30.25,$30.16,"$62,730",2.00%
33-3021,Detectives and Criminal Investigators,detail,460,2.00%,0.408,0.55,$41.36,$41.91,"$87,170",2.20%
33-3041,Parking Enforcement Workers,detail,-8,-8,-8,-8,$25.92,$23.45,"$48,780",3.40%
33-3051,Police and Sheriff's Patrol Officers,detail,2530,4.30%,2.236,0.48,$35.03,$34.01,"$70,740",1.50%
33-9011,Animal Control Workers,detail,40,5.90%,0.034,0.37,$25.31,$24.48,"$50,920",2.80%
33-9021,Private Detectives and Investigators,detail,320,46.80%,0.283,1.39,$21.37,$20.83,"$43,330",3.00%
33-9032,Security Guards,detail,6070,7.20%,5.353,0.68,$13.70,$15.56,"$32,360",4.60%
33-9091,Crossing Guards,detail,1520,16.90%,1.345,2.59,$12.60,$15.12,"$31,440",6.50%
33-9092,"Lifeguards, Ski Patrol, and Other Recreational Protective Service Workers",detail,1310,6.10%,1.156,1.12,$10.94,$11.08,"$23,050",1.50%
33-9093,Transportation Security Screeners,detail,400,0.00%,0.356,1.17,$18.63,$19.28,"$40,090",-8
33-9099,"Protective Service Workers, All Other",detail,1190,18.60%,1.046,1.09,$16.64,$17.38,"$36,140",4.40%
35-0000,Food Preparation and Serving Related Occupations,major,102770,1.40%,90.682,0.98,$11.17,$12.43,"$25,850",1.00%
35-1011,Chefs and Head Cooks,detail,700,15.20%,0.618,0.65,$21.82,$23.54,"$48,960",3.60%
35-1012,First-Line Supervisors of Food Preparation and Serving Workers,detail,7370,8.80%,6.507,1.01,$14.43,$16.01,"$33,310",2.50%
35-2011,"Cooks, Fast Food",detail,6290,26.40%,5.55,1.52,$10.41,$10.78,"$22,430",2.00%
35-2012,"Cooks, Institution and Cafeteria",detail,2990,8.00%,2.641,0.9,$14.56,$15.16,"$31,540",2.20%
35-2014,"Cooks, Restaurant",detail,13850,10.10%,12.219,1.41,$12.33,$12.74,"$26,500",2.60%
35-2015,"Cooks, Short Order",detail,330,28.80%,0.295,0.22,$11.14,$11.56,"$24,040",3.80%
35-2019,"Cooks, All Other",detail,70,44.50%,0.059,0.53,$11.57,$13.07,"$27,190",4.40%
35-2021,Food Preparation Workers,detail,7950,11.80%,7.018,1.16,$11.40,$12.03,"$25,030",1.30%
35-3011,Bartenders,detail,5610,10.00%,4.954,1.15,$10.75,$12.49,"$25,990",4.50%
35-3021,"Combined Food Preparation and Serving Workers, Including Fast Food",detail,22340,11.70%,19.715,0.81,$10.84,$11.37,"$23,650",1.30%
35-3022,"Counter Attendants, Cafeteria, Food Concession, and Coffee Shop",detail,5100,13.40%,4.503,1.27,$10.90,$11.29,"$23,480",1.50%
35-3031,Waiters and Waitresses,detail,19340,5.70%,17.068,0.93,$10.75,$12.92,"$26,870",3.40%
35-3041,"Food Servers, Nonrestaurant",detail,1650,18.50%,1.457,0.78,$11.29,$12.21,"$25,400",2.90%
35-9011,Dining Room and Cafeteria Attendants and Bartender Helpers,detail,2270,17.40%,2.005,0.67,$9.83,$10.66,"$22,170",3.70%
35-9021,Dishwashers,detail,3460,10.30%,3.049,0.85,$10.72,$11.07,"$23,020",1.70%
35-9031,"Hosts and Hostesses, Restaurant, Lounge, and Coffee Shop",detail,2490,15.70%,2.195,0.76,$10.25,$10.77,"$22,400",2.90%
35-9099,"Food Preparation and Serving Related Workers, All Other",detail,940,29.50%,0.83,1.97,$11.24,$11.96,"$24,880",3.90%
37-0000,Building and Grounds Cleaning and Maintenance Occupations,major,30630,2.50%,27.024,0.86,$13.62,$14.81,"$30,800",1.70%
37-1011,First-Line Supervisors of Housekeeping and Janitorial Workers,detail,1040,19.60%,0.922,0.8,$24.16,$24.77,"$51,520",7.20%
37-1012,"First-Line Supervisors of Landscaping, Lawn Service, and Groundskeeping Workers",detail,360,14.80%,0.322,0.44,$26.55,$27.47,"$57,140",3.80%
37-2011,"Janitors and Cleaners, Except Maids and Housekeeping Cleaners",detail,14940,4.50%,13.186,0.86,$12.95,$13.84,"$28,780",1.50%
37-2012,Maids and Housekeeping Cleaners,detail,5940,12.10%,5.245,0.8,$11.64,$12.62,"$26,260",2.70%
37-2019,"Building Cleaning Workers, All Other",detail,-8,-8,-8,-8,$13.85,$13.92,"$28,950",2.90%
37-2021,Pest Control Workers,detail,280,17.80%,0.243,0.47,$17.96,$18.97,"$39,450",4.50%
37-3011,Landscaping and Groundskeeping Workers,detail,6750,7.50%,5.952,0.92,$15.37,$15.91,"$33,090",2.60%
37-3013,Tree Trimmers and Pruners,detail,-8,-8,-8,-8,$21.91,$21.68,"$45,100",2.90%
37-3019,"Grounds Maintenance Workers, All Other",detail,-8,-8,-8,-8,$21.47,$19.51,"$40,590",17.30%
39-0000,Personal Care and Service Occupations,major,37610,3.20%,33.183,1.03,$12.08,$13.81,"$28,730",1.30%
39-1011,Gaming Supervisors,detail,-8,-8,-8,-8,$19.55,$21.17,"$44,040",8.90%
39-1021,First-Line Supervisors of Personal Service Workers,detail,1130,11.60%,0.997,0.74,$17.17,$18.91,"$39,330",4.90%
39-2011,Animal Trainers,detail,120,40.60%,0.108,1.12,$11.36,$14.53,"$30,230",15.10%
39-2021,Nonfarm Animal Caretakers,detail,1600,7.60%,1.411,1.06,$11.62,$13.81,"$28,720",4.50%
39-3031,"Ushers, Lobby Attendants, and Ticket Takers",detail,580,36.20%,0.51,0.61,$10.53,$11.12,"$23,130",4.40%
39-3091,Amusement and Recreation Attendants,detail,2830,14.20%,2.497,1.22,$11.07,$12.15,"$25,270",3.20%
39-3093,"Locker Room, Coatroom, and Dressing Room Attendants",detail,30,23.50%,0.03,0.23,$11.67,$11.96,"$24,880",5.40%
39-3099,"Entertainment Attendants and Related Workers, All Other",detail,140,28.30%,0.121,1.17,$11.39,$11.96,"$24,870",6.60%
39-4021,Funeral Attendants,detail,100,43.00%,0.091,0.36,$11.86,$12.74,"$26,490",8.80%
39-4031,"Morticians, Undertakers, and Funeral Directors",detail,110,33.10%,0.096,0.52,$22.58,$22.94,"$47,720",4.50%
39-5011,Barbers,detail,-8,-8,-8,-8,$14.71,$15.85,"$32,970",8.00%
39-5012,"Hairdressers, Hairstylists, and Cosmetologists",detail,1880,15.20%,1.66,0.66,$12.18,$14.51,"$30,190",5.30%
39-5092,Manicurists and Pedicurists,detail,1900,20.30%,1.673,2.59,$11.49,$11.99,"$24,940",4.30%
39-5094,Skincare Specialists,detail,550,30.30%,0.485,1.55,$25.30,$23.94,"$49,790",20.40%
39-6011,Baggage Porters and Bellhops,detail,120,34.90%,0.109,0.34,$10.58,$10.89,"$22,640",2.80%
39-6012,Concierges,detail,130,37.20%,0.118,0.52,$13.62,$14.01,"$29,150",3.30%
39-7011,Tour Guides and Escorts,detail,110,37.60%,0.1,0.36,$12.16,$12.73,"$26,480",4.70%
39-7012,Travel Guides,detail,40,37.30%,0.039,1.83,$15.53,$17.27,"$35,930",11.10%
39-9011,Childcare Workers,detail,4090,17.40%,3.611,0.89,$11.32,$11.98,"$24,920",2.00%
39-9021,Personal Care Aides,detail,8370,8.30%,7.381,0.69,$11.27,$11.77,"$24,470",1.50%
39-9031,Fitness Trainers and Aerobics Instructors,detail,2670,12.10%,2.354,1.28,$17.93,$19.64,"$40,850",4.50%
39-9032,Recreation Workers,detail,2530,9.10%,2.236,0.93,$12.03,$13.78,"$28,660",3.70%
39-9041,Residential Advisors,detail,470,23.60%,0.416,0.53,$16.12,$16.01,"$33,300",5.90%
39-9099,"Personal Care and Service Workers, All Other",detail,7060,2.10%,6.227,16.04,$14.14,$14.22,"$29,590",1.80%
41-0000,Sales and Related Occupations,major,113160,1.90%,99.848,0.96,$14.37,$20.03,"$41,660",1.50%
41-1011,First-Line Supervisors of Retail Sales Workers,detail,7840,5.80%,6.914,0.81,$18.88,$21.11,"$43,920",2.70%
41-1012,First-Line Supervisors of Non-Retail Sales Workers,detail,1440,9.20%,1.268,0.7,$27.75,$31.97,"$66,500",3.70%
41-2011,Cashiers,detail,25730,7.40%,22.698,0.9,$11.28,$12.21,"$25,390",1.70%
41-2012,Gaming Change Persons and Booth Cashiers,detail,110,28.60%,0.099,0.6,$12.37,$12.88,"$26,780",5.20%
41-2021,Counter and Rental Clerks,detail,2740,8.30%,2.42,0.75,$14.33,$17.05,"$35,460",4.80%
41-2022,Parts Salespersons,detail,2150,10.10%,1.9,1.07,$16.49,$16.97,"$35,300",3.60%
41-2031,Retail Salespersons,detail,35690,4.00%,31.491,0.98,$11.98,$13.83,"$28,760",1.40%
41-3011,Advertising Sales Agents,detail,750,13.90%,0.659,0.66,$20.84,$26.09,"$54,270",4.90%
41-3021,Insurance Sales Agents,detail,2570,10.30%,2.271,0.83,$23.63,$33.02,"$68,680",9.00%
41-3031,"Securities, Commodities, and Financial Services Sales Agents",detail,2600,9.80%,2.294,0.91,$27.40,$36.96,"$76,880",7.10%
41-3041,Travel Agents,detail,440,10.50%,0.391,0.8,$16.44,$17.31,"$36,010",5.60%
41-3099,"Sales Representatives, Services, All Other",detail,7110,5.80%,6.277,0.92,$22.43,$28.35,"$58,960",6.10%
41-4011,"Sales Representatives, Wholesale and Manufacturing, Technical and Scientific Products",detail,2990,6.50%,2.637,1.13,$33.58,$39.22,"$81,590",6.70%
41-4012,"Sales Representatives, Wholesale and Manufacturing, Except Technical and Scientific Products",detail,13200,4.30%,11.646,1.16,$28.73,$34.18,"$71,090",2.50%
41-9011,Demonstrators and Product Promoters,detail,1290,18.00%,1.139,1.85,$13.01,$13.38,"$27,830",3.20%
41-9012,Models,detail,150,2.60%,0.133,4.24,$17.44,$17.52,"$36,450",4.00%
41-9021,Real Estate Brokers,detail,530,21.50%,0.471,1.62,$33.43,$40.57,"$84,380",14.50%
41-9022,Real Estate Sales Agents,detail,750,11.70%,0.659,0.61,$19.31,$25.49,"$53,020",6.90%
41-9031,Sales Engineers,detail,830,29.40%,0.731,1.38,$55.09,$58.96,"$122,640",7.70%
41-9041,Telemarketers,detail,1770,18.50%,1.561,1.02,$13.39,$14.16,"$29,440",3.00%
41-9091,"Door-to-Door Sales Workers, News and Street Vendors, and Related Workers",detail,90,30.00%,0.078,1.36,$13.99,$14.29,"$29,720",3.30%
41-9099,"Sales and Related Workers, All Other",detail,2390,12.10%,2.11,3.65,$15.57,$20.47,"$42,570",6.50%
43-0000,Office and Administrative Support Occupations,major,165690,1.40%,146.198,0.93,$17.85,$18.93,"$39,380",0.50%
43-1011,First-Line Supervisors of Office and Administrative Support Workers,detail,8810,3.10%,7.775,0.76,$27.32,$28.21,"$58,670",0.80%
43-2011,"Switchboard Operators, Including Answering Service",detail,910,22.80%,0.805,1.24,$16.08,$15.82,"$32,900",8.40%
43-3011,Bill and Account Collectors,detail,2290,4.70%,2.022,0.95,$18.11,$18.69,"$38,880",1.80%
43-3021,Billing and Posting Clerks,detail,3350,8.50%,2.958,0.86,$19.17,$19.74,"$41,060",1.30%
43-3031,"Bookkeeping, Accounting, and Auditing Clerks",detail,13510,4.10%,11.919,1.07,$19.37,$20.05,"$41,700",1.10%
43-3051,Payroll and Timekeeping Clerks,detail,1260,11.60%,1.114,0.98,$22.49,$22.60,"$47,000",1.40%
43-3061,Procurement Clerks,detail,490,18.00%,0.435,0.85,$17.89,$17.70,"$36,810",5.70%
43-3071,Tellers,detail,2330,7.70%,2.054,0.58,$13.76,$13.99,"$29,100",2.00%
43-3099,"Financial Clerks, All Other",detail,360,22.00%,0.318,1.29,$21.62,$21.98,"$45,720",3.30%
43-4011,Brokerage Clerks,detail,280,18.30%,0.251,0.59,$22.50,$24.83,"$51,650",5.20%
43-4021,Correspondence Clerks,detail,50,38.60%,0.046,0.95,$17.69,$17.65,"$36,710",2.60%
43-4031,"Court, Municipal, and License Clerks",detail,890,2.40%,0.782,0.85,$21.45,$21.19,"$44,080",1.50%
43-4041,"Credit Authorizers, Checkers, and Clerks",detail,250,9.30%,0.225,0.84,$21.17,$22.02,"$45,810",2.80%
43-4051,Customer Service Representatives,detail,19150,4.80%,16.901,0.88,$16.80,$17.72,"$36,850",1.40%
43-4061,"Eligibility Interviewers, Government Programs",detail,720,3.30%,0.637,0.66,$19.41,$20.06,"$41,720",3.00%
43-4071,File Clerks,detail,860,11.90%,0.76,0.81,$16.73,$17.25,"$35,880",2.70%
43-4081,"Hotel, Motel, and Resort Desk Clerks",detail,1410,8.20%,1.244,0.7,$10.99,$11.45,"$23,820",3.10%
43-4111,"Interviewers, Except Eligibility and Loan",detail,1840,6.40%,1.62,1.22,$18.75,$18.81,"$39,110",2.30%
43-4121,"Library Assistants, Clerical",detail,720,5.20%,0.631,0.9,$16.24,$16.21,"$33,710",2.40%
43-4131,Loan Interviewers and Clerks,detail,1750,9.60%,1.541,0.96,$20.90,$21.08,"$43,850",2.30%
43-4141,New Accounts Clerks,detail,380,23.70%,0.332,1.12,$18.23,$18.83,"$39,170",5.00%
43-4151,Order Clerks,detail,-8,-8,-8,-8,$17.15,$18.24,"$37,940",2.80%
43-4161,"Human Resources Assistants, Except Payroll and Timekeeping",detail,980,10.00%,0.864,0.88,$19.79,$20.08,"$41,770",1.30%
43-4171,Receptionists and Information Clerks,detail,7540,5.60%,6.657,0.94,$14.41,$14.99,"$31,180",1.40%
43-4181,Reservation and Transportation Ticket Agents and Travel Clerks,detail,640,21.20%,0.566,0.54,$17.75,$19.43,"$40,420",6.00%
43-4199,"Information and Record Clerks, All Other",detail,4710,8.40%,4.157,3.5,$16.47,$17.45,"$36,300",3.30%
43-5011,Cargo and Freight Agents,detail,740,19.70%,0.652,1.03,$21.60,$26.91,"$55,970",10.30%
43-5021,Couriers and Messengers,detail,490,17.70%,0.435,0.82,$18.26,$18.14,"$37,730",2.60%
43-5031,"Police, Fire, and Ambulance Dispatchers",detail,360,2.40%,0.316,0.47,$29.54,$29.19,"$60,720",2.40%
43-5032,"Dispatchers, Except Police, Fire, and Ambulance",detail,2040,29.00%,1.802,1.28,$17.54,$19.54,"$40,650",3.30%
43-5041,"Meter Readers, Utilities",detail,170,31.40%,0.153,0.63,$14.94,$17.73,"$36,880",6.10%
43-5051,Postal Service Clerks,detail,380,0.00%,0.338,0.58,$27.30,$24.24,"$50,410",1.90%
43-5052,Postal Service Mail Carriers,detail,2260,0.00%,1.994,0.85,$27.82,$24.07,"$50,060",1.80%
43-5053,"Postal Service Mail Sorters, Processors, and Processing Machine Operators",detail,1090,0.00%,0.964,1.22,$27.03,$23.46,"$48,790",3.60%
43-5061,"Production, Planning, and Expediting Clerks",detail,2360,4.90%,2.085,0.91,$22.29,$23.15,"$48,160",1.70%
43-5071,"Shipping, Receiving, and Traffic Clerks",detail,5450,5.10%,4.805,1,$15.66,$16.69,"$34,710",1.60%
43-5081,Stock Clerks and Order Fillers,detail,12950,5.90%,11.425,0.8,$14.13,$15.07,"$31,340",1.20%
43-5111,"Weighers, Measurers, Checkers, and Samplers, Recordkeeping",detail,520,23.30%,0.458,0.86,$13.40,$14.85,"$30,890",4.90%
43-6011,Executive Secretaries and Executive Administrative Assistants,detail,4250,4.50%,3.753,0.83,$26.55,$27.53,"$57,260",3.00%
43-6012,Legal Secretaries,detail,1040,15.20%,0.922,0.68,$24.39,$24.15,"$50,230",4.50%
43-6013,Medical Secretaries,detail,6420,6.50%,5.664,1.43,$18.68,$19.15,"$39,830",2.00%
43-6014,"Secretaries and Administrative Assistants, Except Legal, Medical, and Executive",detail,15880,3.20%,14.012,0.86,$18.27,$18.75,"$38,990",1.00%
43-9011,Computer Operators,detail,160,19.10%,0.139,0.42,$19.87,$22.23,"$46,250",10.00%
43-9021,Data Entry Keyers,detail,1230,7.80%,1.089,0.79,$14.32,$14.94,"$31,080",1.80%
43-9022,Word Processors and Typists,detail,80,20.20%,0.075,0.16,$18.89,$22.17,"$46,110",6.10%
43-9031,Desktop Publishers,detail,150,27.30%,0.131,1.41,$21.52,$23.65,"$49,180",5.70%
43-9041,Insurance Claims and Policy Processing Clerks,detail,2520,7.80%,2.222,1.14,$19.22,$20.37,"$42,370",2.60%
43-9051,"Mail Clerks and Mail Machine Operators, Except Postal Service",detail,440,33.10%,0.384,0.59,$14.65,$15.13,"$31,480",2.80%
43-9061,"Office Clerks, General",detail,20200,3.30%,17.821,0.85,$16.71,$17.37,"$36,120",0.90%
43-9071,"Office Machine Operators, Except Computer",detail,970,21.20%,0.853,2.06,$15.77,$17.02,"$35,410",2.80%
43-9081,Proofreaders and Copy Markers,detail,80,32.00%,0.071,0.88,-8,-8,-8,-8
43-9111,Statistical Assistants,detail,60,12.10%,0.051,0.66,$21.99,$22.41,"$46,600",4.30%
43-9199,"Office and Administrative Support Workers, All Other",detail,4920,6.30%,4.338,2.81,$17.27,$18.09,"$37,640",2.40%
45-0000,"Farming, Fishing, and Forestry Occupations",major,3690,12.00%,3.26,0.99,$13.73,$15.81,"$32,890",3.80%
45-1011,"First-Line Supervisors of Farming, Fishing, and Forestry Workers",detail,210,19.70%,0.189,1.36,$23.02,$25.58,"$53,220",7.20%
45-2011,Agricultural Inspectors,detail,90,26.70%,0.076,0.73,$26.90,$25.35,"$52,720",5.20%
45-2041,"Graders and Sorters, Agricultural Products",detail,760,38.40%,0.669,2.42,$9.87,$11.99,"$24,950",6.50%
45-2091,Agricultural Equipment Operators,detail,-8,-8,-8,-8,$11.65,$12.00,"$24,960",3.00%
45-2092,"Farmworkers and Laborers, Crop, Nursery, and Greenhouse",detail,1410,16.20%,1.248,0.64,$12.07,$12.84,"$26,720",2.60%
45-4011,Forest and Conservation Workers,detail,-8,-8,-8,-8,$17.09,$17.34,"$36,070",4.30%
45-4021,Fallers,detail,-8,-8,-8,-8,$29.19,$29.81,"$62,000",7.20%
45-4022,Logging Equipment Operators,detail,320,31.30%,0.281,1.45,$22.44,$22.36,"$46,500",2.80%
45-4023,Log Graders and Scalers,detail,-8,-8,-8,-8,$21.94,$21.89,"$45,530",4.50%
45-4029,"Logging Workers, All Other",detail,160,49.80%,0.143,6.68,$19.12,$19.71,"$40,990",3.70%
47-0000,Construction and Extraction Occupations,major,48060,2.00%,42.403,1.07,$24.79,$26.16,"$54,400",1.50%
47-1011,First-Line Supervisors of Construction Trades and Extraction Workers,detail,3960,6.20%,3.491,0.91,$33.89,$34.73,"$72,250",2.00%
47-2011,Boilermakers,detail,350,10.30%,0.305,2.57,$29.44,$29.45,"$61,260",3.00%
47-2021,Brickmasons and Blockmasons,detail,400,35.10%,0.351,0.76,$30.23,$31.98,"$66,520",15.60%
47-2031,Carpenters,detail,8580,5.40%,7.569,1.57,$23.52,$24.62,"$51,220",2.40%
47-2041,Carpet Installers,detail,350,42.40%,0.306,1.67,$20.08,$19.52,"$40,610",6.90%
47-2042,"Floor Layers, Except Carpet, Wood, and Hard Tiles",detail,-8,-8,-8,-8,$17.13,$17.00,"$35,360",2.90%
47-2044,Tile and Marble Setters,detail,490,34.10%,0.436,1.66,$21.02,$21.90,"$45,560",5.20%
47-2051,Cement Masons and Concrete Finishers,detail,1660,16.40%,1.468,1.18,$21.81,$24.36,"$50,660",4.80%
47-2061,Construction Laborers,detail,7310,7.20%,6.45,0.99,$17.52,$19.34,"$40,220",2.60%
47-2071,"Paving, Surfacing, and Tamping Equipment Operators",detail,330,40.00%,0.291,0.79,$32.10,$30.89,"$64,260",4.60%
47-2073,Operating Engineers and Other Construction Equipment Operators,detail,1880,8.90%,1.662,0.65,$28.53,$28.88,"$60,070",2.70%
47-2081,Drywall and Ceiling Tile Installers,detail,720,24.70%,0.632,0.95,$22.03,$24.38,"$50,700",9.70%
47-2082,Tapers,detail,270,30.40%,0.24,1.82,$26.78,$27.70,"$57,620",3.70%
47-2111,Electricians,detail,4810,8.60%,4.241,0.98,$34.12,$33.22,"$69,090",2.30%
47-2121,Glaziers,detail,450,37.30%,0.401,1.19,$19.58,$23.00,"$47,840",8.60%
47-2131,"Insulation Workers, Floor, Ceiling, and Wall",detail,250,44.00%,0.224,1.07,$19.05,$20.78,"$43,230",7.00%
47-2132,"Insulation Workers, Mechanical",detail,320,43.10%,0.283,1.46,$41.11,$39.76,"$82,710",4.50%
47-2141,"Painters, Construction and Maintenance",detail,2590,13.70%,2.285,1.48,$16.62,$17.84,"$37,110",5.10%
47-2151,Pipelayers,detail,200,27.90%,0.176,0.62,$26.66,$26.74,"$55,610",4.20%
47-2152,"Plumbers, Pipefitters, and Steamfitters",detail,4080,11.30%,3.604,1.23,$36.53,$36.23,"$75,350",4.10%
47-2161,Plasterers and Stucco Masons,detail,-8,-8,-8,-8,$21.56,$22.17,"$46,110",6.20%
47-2181,Roofers,detail,1880,13.10%,1.662,2,$23.03,$22.72,"$47,260",5.00%
47-2211,Sheet Metal Workers,detail,1890,21.10%,1.665,1.74,$23.25,$24.86,"$51,720",4.60%
47-2221,Structural Iron and Steel Workers,detail,560,31.20%,0.495,1,$30.08,$31.01,"$64,500",6.90%
47-3011,"Helpers--Brickmasons, Blockmasons, Stonemasons, and Tile and Marble Setters",detail,210,45.50%,0.188,1.1,$16.51,$17.60,"$36,610",9.30%
47-3012,Helpers--Carpenters,detail,460,25.90%,0.405,1.58,$15.79,$15.18,"$31,580",3.00%
47-3013,Helpers--Electricians,detail,180,12.70%,0.156,0.3,$16.52,$17.48,"$36,360",4.40%
47-3014,"Helpers--Painters, Paperhangers, Plasterers, and Stucco Masons",detail,-8,-8,-8,-8,$11.22,$11.72,"$24,370",4.00%
47-3015,"Helpers--Pipelayers, Plumbers, Pipefitters, and Steamfitters",detail,110,27.70%,0.094,0.24,$16.34,$17.50,"$36,390",6.00%
47-3016,Helpers--Roofers,detail,40,49.10%,0.035,0.48,$15.97,$15.10,"$31,410",9.70%
47-3019,"Helpers, Construction Trades, All Other",detail,170,29.80%,0.146,0.94,$16.67,$17.21,"$35,800",5.20%
47-4011,Construction and Building Inspectors,detail,800,7.20%,0.706,1.04,$33.45,$33.26,"$69,190",2.80%
47-4021,Elevator Installers and Repairers,detail,60,30.40%,0.049,0.31,$43.65,$43.76,"$91,020",9.80%
47-4031,Fence Erectors,detail,-8,-8,-8,-8,$17.70,$17.63,"$36,680",6.00%
47-4041,Hazardous Materials Removal Workers,detail,520,38.20%,0.46,1.46,$17.02,$18.43,"$38,340",4.50%
47-4051,Highway Maintenance Workers,detail,530,6.20%,0.471,0.46,$23.27,$23.19,"$48,240",1.20%
47-4071,Septic Tank Servicers and Sewer Pipe Cleaners,detail,140,41.20%,0.123,0.66,$20.05,$21.14,"$43,980",7.30%
47-4099,"Construction and Related Workers, All Other",detail,340,31.40%,0.304,1.21,$16.58,$18.71,"$38,920",6.40%
47-5021,"Earth Drillers, Except Oil and Gas",detail,70,40.50%,0.064,0.49,$32.10,$30.07,"$62,540",6.40%
49-0000,"Installation, Maintenance, and Repair Occupations",major,36100,2.40%,31.851,0.82,$22.43,$23.69,"$49,280",1.10%
49-1011,"First-Line Supervisors of Mechanics, Installers, and Repairers",detail,2460,6.00%,2.167,0.67,$33.09,$33.51,"$69,700",1.60%
49-2011,"Computer, Automated Teller, and Office Machine Repairers",detail,600,17.60%,0.529,0.73,$16.32,$16.38,"$34,060",2.90%
49-2021,"Radio, Cellular, and Tower Equipment Installers and Repairers",detail,120,24.40%,0.11,1.1,$32.13,$29.02,"$60,350",8.00%
49-2022,"Telecommunications Equipment Installers and Repairers, Except Line Installers",detail,1540,12.50%,1.358,0.83,$29.09,$28.33,"$58,930",3.50%
49-2091,Avionics Technicians,detail,40,1.60%,0.034,0.27,$33.83,$34.13,"$70,990",2.70%
49-2092,"Electric Motor, Power Tool, and Related Repairers",detail,-8,-8,-8,-8,$11.47,$14.64,"$30,450",14.70%
49-2094,"Electrical and Electronics Repairers, Commercial and Industrial Equipment",detail,940,11.90%,0.826,1.72,$29.82,$30.44,"$63,310",3.00%
49-2095,"Electrical and Electronics Repairers, Powerhouse, Substation, and Relay",detail,50,41.40%,0.045,0.28,$43.45,$41.52,"$86,360",4.30%
49-2097,Electronic Home Entertainment Equipment Installers and Repairers,detail,-8,-8,-8,-8,$19.53,$23.32,"$48,500",21.90%
49-2098,Security and Fire Alarm Systems Installers,detail,500,23.90%,0.441,0.92,$19.85,$22.41,"$46,610",7.10%
49-3011,Aircraft Mechanics and Service Technicians,detail,640,10.40%,0.561,0.61,$29.34,$30.32,"$63,070",2.80%
49-3021,Automotive Body and Related Repairers,detail,1010,13.70%,0.894,0.87,$18.18,$20.62,"$42,890",7.00%
49-3022,Automotive Glass Installers and Repairers,detail,-8,-8,-8,-8,$20.90,$20.64,"$42,940",5.10%
49-3023,Automotive Service Technicians and Mechanics,detail,3760,6.70%,3.319,0.72,$21.66,$22.26,"$46,310",2.90%
49-3031,Bus and Truck Mechanics and Diesel Engine Specialists,detail,1960,10.70%,1.726,0.95,$24.83,$24.16,"$50,260",1.90%
49-3041,Farm Equipment Mechanics and Service Technicians,detail,150,43.90%,0.133,0.53,$17.62,$18.51,"$38,490",3.80%
49-3042,"Mobile Heavy Equipment Mechanics, Except Engines",detail,1240,14.70%,1.092,1.24,$24.95,$24.55,"$51,060",1.80%
49-3051,Motorboat Mechanics and Service Technicians,detail,-8,-8,-8,-8,$19.01,$18.70,"$38,900",3.80%
49-3052,Motorcycle Mechanics,detail,90,32.90%,0.082,0.72,$16.51,$16.51,"$34,340",10.70%
49-3053,Outdoor Power Equipment and Other Small Engine Mechanics,detail,200,34.50%,0.179,0.76,$16.69,$17.64,"$36,680",5.50%
49-3091,Bicycle Repairers,detail,230,46.60%,0.201,2.25,$13.19,$13.30,"$27,670",3.20%
49-3092,Recreational Vehicle Service Technicians,detail,100,43.40%,0.085,0.89,$19.10,$20.37,"$42,380",6.00%
49-3093,Tire Repairers and Changers,detail,830,18.50%,0.733,0.94,$13.84,$14.23,"$29,600",3.20%
49-9012,"Control and Valve Installers and Repairers, Except Mechanical Door",detail,390,34.10%,0.347,1.06,$25.84,$26.49,"$55,090",6.60%
49-9021,"Heating, Air Conditioning, and Refrigeration Mechanics and Installers",detail,1510,18.10%,1.333,0.63,$22.74,$25.87,"$53,810",8.20%
49-9031,Home Appliance Repairers,detail,510,29.00%,0.452,1.9,$14.73,$17.03,"$35,420",3.80%
49-9041,Industrial Machinery Mechanics,detail,2390,6.60%,2.108,0.88,$27.50,$28.68,"$59,650",2.10%
49-9043,"Maintenance Workers, Machinery",detail,510,14.40%,0.451,0.71,$22.44,$22.80,"$47,420",2.90%
49-9044,Millwrights,detail,610,33.70%,0.542,1.92,$25.14,$26.16,"$54,410",3.50%
49-9045,"Refractory Materials Repairers, Except Brickmasons",detail,40,26.90%,0.035,3.23,$21.31,$20.90,"$43,480",3.30%
49-9051,Electrical Power-Line Installers and Repairers,detail,350,14.70%,0.306,0.36,$44.02,$43.68,"$90,850",2.10%
49-9052,Telecommunications Line Installers and Repairers,detail,350,22.00%,0.307,0.43,$20.46,$21.47,"$44,660",7.00%
49-9062,Medical Equipment Repairers,detail,270,23.80%,0.237,0.77,$30.15,$29.45,"$61,260",4.00%
49-9063,Musical Instrument Repairers and Tuners,detail,80,31.90%,0.073,1.29,$18.28,$18.11,"$37,680",7.70%
49-9069,"Precision Instrument and Equipment Repairers, All Other",detail,180,26.10%,0.155,1.87,$27.77,$27.08,"$56,320",6.80%
49-9071,"Maintenance and Repair Workers, General",detail,9070,4.10%,7.999,0.84,$18.74,$20.29,"$42,200",1.50%
49-9091,"Coin, Vending, and Amusement Machine Servicers and Repairers",detail,130,27.50%,0.114,0.47,$16.71,$16.92,"$35,190",3.80%
49-9094,Locksmiths and Safe Repairers,detail,210,40.40%,0.183,1.38,$17.69,$18.97,"$39,470",2.30%
49-9096,Riggers,detail,160,32.10%,0.14,0.94,-8,-8,-8,-8
49-9098,"Helpers--Installation, Maintenance, and Repair Workers",detail,790,12.50%,0.694,0.82,$13.81,$14.78,"$30,730",3.00%
49-9099,"Installation, Maintenance, and Repair Workers, All Other",detail,1340,10.90%,1.181,1.13,$21.03,$21.80,"$45,350",4.70%
51-0000,Production Occupations,major,71850,3.00%,63.394,0.98,$17.10,$18.69,"$38,880",1.70%
51-1011,First-Line Supervisors of Production and Operating Workers,detail,4230,4.40%,3.732,0.86,$27.53,$28.59,"$59,460",1.50%
51-2021,"Coil Winders, Tapers, and Finishers",detail,110,43.50%,0.093,0.93,$14.38,$14.77,"$30,720",6.30%
51-2022,Electrical and Electronic Equipment Assemblers,detail,2900,7.70%,2.561,1.65,$15.66,$16.51,"$34,340",2.30%
51-2023,Electromechanical Equipment Assemblers,detail,410,24.80%,0.362,1.12,$16.79,$16.94,"$35,230",3.70%
51-2031,Engine and Other Machine Assemblers,detail,100,9.60%,0.088,0.32,$18.43,$19.31,"$40,160",2.40%
51-2041,Structural Metal Fabricators and Fitters,detail,1230,11.20%,1.089,1.98,$23.38,$23.07,"$47,990",2.70%
51-2091,Fiberglass Laminators and Fabricators,detail,120,39.90%,0.109,0.79,$17.23,$17.12,"$35,610",7.20%
51-2092,Team Assemblers,detail,3600,13.80%,3.177,0.4,$13.08,$14.46,"$30,070",2.70%
51-2099,"Assemblers and Fabricators, All Other",detail,3320,9.70%,2.933,1.79,$17.04,$18.41,"$38,300",5.20%
51-3011,Bakers,detail,1310,14.30%,1.153,0.9,$13.95,$14.62,"$30,400",3.10%
51-3021,Butchers and Meat Cutters,detail,970,9.90%,0.854,0.9,$18.03,$17.95,"$37,340",2.20%
51-3022,"Meat, Poultry, and Fish Cutters and Trimmers",detail,240,36.40%,0.214,0.2,$11.12,$12.20,"$25,390",4.70%
51-3023,Slaughterers and Meat Packers,detail,210,26.40%,0.183,0.32,$13.60,$13.86,"$28,820",8.90%
51-3091,"Food and Tobacco Roasting, Baking, and Drying Machine Operators and Tenders",detail,210,23.40%,0.187,1.3,$19.60,$20.48,"$42,600",4.40%
51-3092,Food Batchmakers,detail,1190,22.50%,1.051,0.99,$13.21,$15.01,"$31,220",4.40%
51-3093,Food Cooking Machine Operators and Tenders,detail,-8,-8,-8,-8,$16.65,$16.31,"$33,920",3.40%
51-3099,"Food Processing Workers, All Other",detail,860,22.30%,0.757,2.47,$11.23,$12.09,"$25,140",3.00%
51-4011,"Computer-Controlled Machine Tool Operators, Metal and Plastic",detail,1670,14.10%,1.475,1.42,$18.15,$19.50,"$40,570",3.80%
51-4012,"Computer Numerically Controlled Machine Tool Programmers, Metal and Plastic",detail,570,12.80%,0.502,2.8,$28.23,$29.39,"$61,140",4.30%
51-4021,"Extruding and Drawing Machine Setters, Operators, and Tenders, Metal and Plastic",detail,610,17.60%,0.542,1.06,$15.67,$15.86,"$32,990",2.40%
51-4022,"Forging Machine Setters, Operators, and Tenders, Metal and Plastic",detail,90,29.20%,0.078,0.57,$17.46,$18.11,"$37,670",2.30%
51-4023,"Rolling Machine Setters, Operators, and Tenders, Metal and Plastic",detail,160,17.40%,0.14,0.68,$20.03,$20.88,"$43,440",4.10%
51-4031,"Cutting, Punching, and Press Machine Setters, Operators, and Tenders, Metal and Plastic",detail,1210,10.80%,1.063,0.77,$16.99,$18.40,"$38,270",5.40%
51-4032,"Drilling and Boring Machine Tool Setters, Operators, and Tenders, Metal and Plastic",detail,170,14.70%,0.15,1.72,$17.20,$18.64,"$38,770",6.50%
51-4033,"Grinding, Lapping, Polishing, and Buffing Machine Tool Setters, Operators, and Tenders, Metal and Plastic",detail,1380,18.60%,1.214,2.29,$21.62,$24.41,"$50,760",9.70%
51-4034,"Lathe and Turning Machine Tool Setters, Operators, and Tenders, Metal and Plastic",detail,90,20.60%,0.079,0.33,$27.86,$28.97,"$60,260",6.70%
51-4035,"Milling and Planing Machine Setters, Operators, and Tenders, Metal and Plastic",detail,50,37.10%,0.046,0.37,$18.48,$19.41,"$40,370",5.50%
51-4041,Machinists,detail,2750,9.30%,2.429,0.87,$22.69,$23.22,"$48,290",2.20%
51-4051,Metal-Refining Furnace Operators and Tenders,detail,140,32.60%,0.121,0.96,$19.07,$20.12,"$41,850",5.80%
51-4052,"Pourers and Casters, Metal",detail,-8,-8,-8,-8,$15.93,$16.60,"$34,530",4.40%
51-4062,"Patternmakers, Metal and Plastic",detail,180,46.80%,0.162,6.63,$26.44,$25.94,"$53,960",3.50%
51-4071,Foundry Mold and Coremakers,detail,200,21.20%,0.175,1.92,$19.31,$19.13,"$39,780",5.20%
51-4072,"Molding, Coremaking, and Casting Machine Setters, Operators, and Tenders, Metal and Plastic",detail,1040,13.60%,0.914,0.88,$14.70,$15.47,"$32,170",3.00%
51-4081,"Multiple Machine Tool Setters, Operators, and Tenders, Metal and Plastic",detail,730,18.20%,0.646,0.77,$17.19,$17.28,"$35,930",2.40%
51-4111,Tool and Die Makers,detail,250,8.20%,0.221,0.43,$28.21,$28.93,"$60,170",4.80%
51-4121,"Welders, Cutters, Solderers, and Brazers",detail,3030,5.90%,2.677,0.98,$21.16,$21.47,"$44,670",1.80%
51-4122,"Welding, Soldering, and Brazing Machine Setters, Operators, and Tenders",detail,160,15.50%,0.138,0.41,$17.15,$17.53,"$36,460",3.80%
51-4191,"Heat Treating Equipment Setters, Operators, and Tenders, Metal and Plastic",detail,230,18.80%,0.201,1.43,$17.77,$17.65,"$36,720",3.80%
51-4193,"Plating and Coating Machine Setters, Operators, and Tenders, Metal and Plastic",detail,420,14.40%,0.374,1.48,$17.09,$18.33,"$38,120",5.10%
51-4194,"Tool Grinders, Filers, and Sharpeners",detail,210,30.00%,0.183,2.69,$22.75,$23.86,"$49,640",8.60%
51-4199,"Metal Workers and Plastic Workers, All Other",detail,1170,15.70%,1.031,6.31,$12.52,$14.14,"$29,410",3.50%
51-5111,Prepress Technicians and Workers,detail,220,25.30%,0.198,0.83,$20.75,$21.50,"$44,720",3.20%
51-5112,Printing Press Operators,detail,1310,9.70%,1.157,0.96,$16.37,$17.71,"$36,840",4.60%
51-5113,Print Binding and Finishing Workers,detail,510,13.80%,0.449,1.19,$14.16,$15.09,"$31,390",3.80%
51-6011,Laundry and Dry-Cleaning Workers,detail,1250,13.00%,1.105,0.75,$11.62,$12.55,"$26,100",3.20%
51-6021,"Pressers, Textile, Garment, and Related Materials",detail,-8,-8,-8,-8,$11.01,$11.13,"$23,160",2.50%
51-6031,Sewing Machine Operators,detail,870,13.40%,0.769,0.77,$11.85,$13.14,"$27,320",3.60%
51-6052,"Tailors, Dressmakers, and Custom Sewers",detail,160,32.10%,0.142,0.92,$14.45,$15.86,"$32,980",3.80%
51-6062,"Textile Cutting Machine Setters, Operators, and Tenders",detail,90,13.00%,0.077,0.72,$11.90,$12.54,"$26,080",3.40%
51-6092,Fabric and Apparel Patternmakers,detail,-8,-8,-8,-8,$17.92,$21.75,"$45,240",8.30%
51-6093,Upholsterers,detail,230,19.10%,0.206,0.89,$14.39,$15.24,"$31,690",8.10%
51-6099,"Textile, Apparel, and Furnishings Workers, All Other",detail,100,30.30%,0.09,0.8,$13.61,$14.41,"$29,970",3.90%
51-7011,Cabinetmakers and Bench Carpenters,detail,1170,13.00%,1.032,1.48,$16.02,$16.44,"$34,190",4.10%
51-7041,"Sawing Machine Setters, Operators, and Tenders, Wood",detail,450,18.80%,0.4,1.11,$15.44,$15.89,"$33,050",3.40%
51-7042,"Woodworking Machine Setters, Operators, and Tenders, Except Sawing",detail,610,23.00%,0.535,0.99,$14.06,$14.75,"$30,690",2.20%
51-7099,"Woodworkers, All Other",detail,240,33.50%,0.209,4.36,$13.58,$14.26,"$29,660",5.10%
51-8012,Power Distributors and Dispatchers,detail,190,11.00%,0.164,2.03,$49.46,$50.49,"$105,010",2.90%
51-8013,Power Plant Operators,detail,-8,-8,-8,-8,$37.46,$36.96,"$76,870",2.30%
51-8021,Stationary Engineers and Boiler Operators,detail,160,9.30%,0.139,0.58,$31.37,$30.94,"$64,360",2.10%
51-8031,Water and Wastewater Treatment Plant and System Operators,detail,450,12.20%,0.4,0.48,$28.71,$29.74,"$61,860",5.90%
51-8091,Chemical Plant and System Operators,detail,90,10.80%,0.083,0.35,$33.26,$31.88,"$66,300",4.50%
51-8093,"Petroleum Pump System Operators, Refinery Operators, and Gaugers",detail,60,41.70%,0.054,0.18,$26.19,$26.70,"$55,530",5.20%
51-8099,"Plant and System Operators, All Other",detail,140,40.40%,0.123,1.45,$24.56,$26.25,"$54,590",6.00%
51-9011,Chemical Equipment Operators and Tenders,detail,210,19.00%,0.187,0.35,$16.57,$17.50,"$36,400",3.70%
51-9012,"Separating, Filtering, Clarifying, Precipitating, and Still Machine Setters, Operators, and Tenders",detail,400,17.60%,0.35,1.04,$17.66,$19.89,"$41,370",7.50%
51-9021,"Crushing, Grinding, and Polishing Machine Setters, Operators, and Tenders",detail,280,15.60%,0.248,1.17,$17.73,$18.70,"$38,900",4.00%
51-9022,"Grinding and Polishing Workers, Hand",detail,340,34.90%,0.304,1.6,$13.04,$13.84,"$28,780",3.90%
51-9023,"Mixing and Blending Machine Setters, Operators, and Tenders",detail,600,11.40%,0.529,0.57,$17.49,$18.95,"$39,420",3.30%
51-9031,"Cutters and Trimmers, Hand",detail,200,31.40%,0.179,1.76,$17.87,$17.22,"$35,810",7.20%
51-9032,"Cutting and Slicing Machine Setters, Operators, and Tenders",detail,550,20.40%,0.482,1.1,$19.03,$19.44,"$40,440",2.20%
51-9041,"Extruding, Forming, Pressing, and Compacting Machine Setters, Operators, and Tenders",detail,660,21.40%,0.581,1.14,$14.57,$16.65,"$34,630",5.60%
51-9051,"Furnace, Kiln, Oven, Drier, and Kettle Operators and Tenders",detail,120,20.10%,0.107,0.77,$18.28,$18.57,"$38,630",3.00%
51-9061,"Inspectors, Testers, Sorters, Samplers, and Weighers",detail,3770,7.80%,3.33,0.9,$18.94,$20.41,"$42,440",2.90%
51-9071,Jewelers and Precious Stone and Metal Workers,detail,120,28.40%,0.104,0.55,$18.27,$18.65,"$38,790",7.40%
51-9081,Dental Laboratory Technicians,detail,400,30.30%,0.35,1.32,$20.22,$19.92,"$41,420",7.50%
51-9082,Medical Appliance Technicians,detail,100,43.00%,0.09,0.87,$19.05,$22.13,"$46,020",20.10%
51-9083,Ophthalmic Laboratory Technicians,detail,310,35.60%,0.275,1.35,$14.16,$15.55,"$32,350",6.50%
51-9111,Packaging and Filling Machine Operators and Tenders,detail,2680,9.60%,2.364,0.86,$13.24,$15.03,"$31,270",3.80%
51-9121,"Coating, Painting, and Spraying Machine Setters, Operators, and Tenders",detail,670,8.60%,0.589,0.96,$15.08,$16.32,"$33,950",2.80%
51-9122,"Painters, Transportation Equipment",detail,600,10.20%,0.534,1.37,$20.67,$25.57,"$53,190",9.30%
51-9123,"Painting, Coating, and Decorating Workers",detail,-8,-8,-8,-8,$14.46,$15.45,"$32,130",7.00%
51-9141,Semiconductor Processors,detail,3940,39.80%,3.476,19.98,$17.39,$17.91,"$37,250",2.50%
51-9151,Photographic Process Workers and Processing Machine Operators,detail,130,14.50%,0.117,0.62,$16.58,$17.78,"$36,980",7.80%
51-9191,Adhesive Bonding Machine Operators and Tenders,detail,110,44.50%,0.098,0.81,$17.73,$18.23,"$37,910",5.00%
51-9192,"Cleaning, Washing, and Metal Pickling Equipment Operators and Tenders",detail,120,25.40%,0.107,0.84,$14.18,$15.39,"$32,010",6.50%
51-9194,Etchers and Engravers,detail,180,10.30%,0.158,2.33,$15.86,$16.38,"$34,070",5.50%
51-9195,"Molders, Shapers, and Casters, Except Metal and Plastic",detail,270,26.30%,0.238,0.85,$14.95,$18.41,"$38,300",8.10%
51-9196,"Paper Goods Machine Setters, Operators, and Tenders",detail,720,21.60%,0.637,0.96,$20.44,$20.08,"$41,760",3.00%
51-9197,Tire Builders,detail,-8,-8,-8,-8,$13.69,$14.30,"$29,750",6.10%
51-9198,Helpers--Production Workers,detail,2820,8.00%,2.49,0.81,$14.70,$15.59,"$32,430",2.10%
51-9199,"Production Workers, All Other",detail,3780,6.60%,3.333,1.86,$14.08,$16.41,"$34,140",7.00%
53-0000,Transportation and Material Moving Occupations,major,69600,2.70%,61.407,0.89,$16.52,$18.55,"$38,580",2.50%
53-1011,Aircraft Cargo Handling Supervisors,detail,60,6.70%,0.049,0.92,$23.63,$26.17,"$54,440",4.70%
53-1021,"First-Line Supervisors of Helpers, Laborers, and Material Movers, Hand",detail,1330,7.20%,1.172,0.9,$20.74,$23.14,"$48,140",2.50%
53-1031,First-Line Supervisors of Transportation and Material-Moving Machine and Vehicle Operators,detail,1590,7.00%,1.403,0.97,$27.82,$28.68,"$59,660",2.10%
53-2011,"Airline Pilots, Copilots, and Flight Engineers",detail,620,6.20%,0.546,0.94,-8,-8,-8,-8
53-2012,Commercial Pilots,detail,380,21.90%,0.335,1.21,-4,-4,"$54,920",9.60%
53-2022,Airfield Operations Specialists,detail,30,10.00%,0.03,0.49,$34.93,$33.40,"$69,480",4.90%
53-2031,Flight Attendants,detail,790,2.00%,0.699,0.87,-4,-4,"$67,930",7.70%
53-3021,"Bus Drivers, Transit and Intercity",detail,1520,46.80%,1.342,1.11,$23.24,$21.64,"$45,010",7.60%
53-3022,"Bus Drivers, School or Special Client",detail,3300,13.90%,2.908,0.79,$17.67,$17.67,"$36,750",1.90%
53-3031,Driver/Sales Workers,detail,3560,21.40%,3.137,1.03,$13.46,$14.76,"$30,700",5.20%
53-3032,Heavy and Tractor-Trailer Truck Drivers,detail,12080,6.90%,10.655,0.88,$21.40,$21.71,"$45,170",2.30%
53-3033,Light Truck or Delivery Services Drivers,detail,6280,5.60%,5.538,0.91,$15.73,$17.75,"$36,930",4.50%
53-3041,Taxi Drivers and Chauffeurs,detail,1050,19.40%,0.93,0.69,$12.48,$13.89,"$28,890",5.70%
53-3099,"Motor Vehicle Operators, All Other",detail,1170,13.70%,1.031,2.7,$12.28,$14.99,"$31,190",5.00%
53-5011,Sailors and Marine Oilers,detail,220,12.60%,0.198,0.85,$26.70,$25.50,"$53,050",6.70%
53-5021,"Captains, Mates, and Pilots of Water Vessels",detail,230,12.10%,0.199,0.76,$36.92,$41.05,"$85,390",9.30%
53-5022,Motorboat Operators,detail,-8,-8,-8,-8,$19.23,$20.86,"$43,390",7.40%
53-5031,Ship Engineers,detail,90,21.90%,0.081,1.17,$31.62,$33.50,"$69,680",11.70%
53-6021,Parking Lot Attendants,detail,460,18.40%,0.406,0.39,$10.90,$11.36,"$23,640",3.80%
53-6031,Automotive and Watercraft Service Attendants,detail,2600,16.10%,2.291,2.93,$11.87,$12.56,"$26,120",2.60%
53-6041,Traffic Technicians,detail,70,16.50%,0.058,1.28,$25.14,$24.43,"$50,820",4.40%
53-6051,Transportation Inspectors,detail,170,27.50%,0.147,0.75,$34.29,$33.44,"$69,550",9.80%
53-6099,"Transportation Workers, All Other",detail,400,20.10%,0.354,1.32,$11.12,$14.34,"$29,830",3.40%
53-7011,Conveyor Operators and Tenders,detail,110,45.00%,0.1,0.49,$16.08,$16.05,"$33,390",4.00%
53-7021,Crane and Tower Operators,detail,450,24.50%,0.393,1.23,$30.67,$31.07,"$64,630",4.10%
53-7032,Excavating and Loading Machine and Dragline Operators,detail,340,26.00%,0.298,0.87,$24.35,$27.58,"$57,370",5.80%
53-7051,Industrial Truck and Tractor Operators,detail,5030,7.80%,4.44,1.15,$18.42,$18.99,"$39,500",2.60%
53-7061,Cleaners of Vehicles and Equipment,detail,3170,8.10%,2.8,1.13,$12.14,$13.19,"$27,430",2.10%
53-7062,"Laborers and Freight, Stock, and Material Movers, Hand",detail,15000,4.60%,13.238,0.72,$13.59,$14.85,"$30,880",1.80%
53-7063,Machine Feeders and Offbearers,detail,700,15.60%,0.618,0.99,$11.73,$12.83,"$26,690",2.00%
53-7064,"Packers and Packagers, Hand",detail,4580,7.60%,4.04,0.8,$11.64,$13.21,"$27,480",2.70%
53-7072,"Pump Operators, Except Wellhead Pumpers",detail,-8,-8,-8,-8,$19.36,$24.17,"$50,270",29.40%
53-7081,Refuse and Recyclable Material Collectors,detail,920,21.70%,0.811,0.99,$23.94,$23.56,"$49,010",3.60%
53-7121,"Tank Car, Truck, and Ship Loaders",detail,280,45.50%,0.245,3.15,$25.75,$25.40,"$52,840",6.80%
53-7199,"Material Moving Workers, All Other",detail,280,17.00%,0.251,1.48,$20.26,$20.90,"$43,480",4.60%
